{"dataset/train_size": 75000, "dataset/test_size": 25000, "dataset/max_length": 200, "dataset/n_classes": 2, "_timestamp": 1742329634.911847, "_runtime": 1206.2189321517944, "_step": 2215, "model/name": "hyenadna-tiny-1k-seqlen", "train/batch_loss": 0.08459152281284332, "train/epoch": 34, "train/batch": 190, "train/epoch_loss": 0.09130388498306274, "test/epoch_loss": 0.0028359470888972282, "test/accuracy": 44.204002380371094, "best/accuracy": 44.89399719238281, "best/test_loss": 0.0020474069751799107, "best/epoch": 12, "final/accuracy": 15.909090042114258, "final/test_loss": 0.010282564908266068, "final/epoch": 100}