{"best/accuracy":74.59700775146484,"_wandb":{"runtime":3140},"_runtime":3140.853970482,"dataset/max_length":500,"dataset/n_classes":2,"_timestamp":1.7424155653342009e+09,"model/name":"hyenadna-metabolic-1k","dataset/train_size":20843,"final/epoch":100,"test/accuracy":71.43062591552734,"final/test_loss":0.004175185225903988,"train/batch_loss":0.018782583996653557,"dataset/test_size":6948,"train/epoch_loss":0.022413698956370354,"_step":2009,"test/epoch_loss":0.013436879962682724,"train/epoch":100,"best/test_loss":0.004175185225903988,"train/batch":80,"best/epoch":3,"final/accuracy":74.59700775146484}