{"dataset/train_size": 231348, "dataset/test_size": 57713, "dataset/max_length": 400, "dataset/n_classes": 3, "_timestamp": 1742402575.2447739, "_runtime": 51876.95801782608, "_step": 30654, "model/name": "hyenadna-tiny-1k-seqlen", "train/batch_loss": 0.58775794506073, "train/epoch": 63, "train/batch": 900, "train/epoch_loss": 0.529597282409668, "test/epoch_loss": 0.018259309232234955, "test/accuracy": 14.72458553314209, "best/accuracy": 21.736003875732422, "best/test_loss": 0.006505793891847134, "best/epoch": 14, "final/accuracy": 9.225056648254395, "final/test_loss": 0.008964400738477707, "final/epoch": 100}