{"train/batch_loss":0.00020532027701847255,"test/epoch_loss":0.07627490907907486,"best/epoch":11,"dataset/n_classes":2,"train/epoch":100,"_runtime":75.343649616,"train/batch":30,"test/accuracy":76.85950469970703,"_step":507,"best/test_loss":0.0283039640635252,"dataset/train_size":968,"_wandb":{"runtime":75},"train/epoch_loss":0.0008196959388442338,"training/batch_size_per_gpu":16,"dataset/test_size":242,"dataset/max_length":1000,"best/accuracy":84.29751586914062,"_timestamp":1.7424206543879693e+09,"model/name":"hyenadna-tiny-1k-seqlen"}