{"dataset/train_size":968,"best/epoch":19,"train/batch_loss":9.047883213497698e-05,"best/accuracy":81.81818389892578,"_runtime":407.734896986,"dataset/n_classes":2,"final/accuracy":81.81818389892578,"train/epoch":100,"train/batch":0,"_timestamp":1.7424137247074988e+09,"train/epoch_loss":0.00010055449092760682,"dataset/test_size":242,"final/epoch":100,"dataset/max_length":1000,"test/accuracy":76.0330581665039,"final/test_loss":0.0036769851576536894,"best/test_loss":0.0036769851576536894,"test/epoch_loss":0.012433724477887154,"model/name":"hyenadna-metabolic-1k","_wandb":{"runtime":407},"_step":420}