{"dataset/train_size": 75000, "dataset/test_size": 25000, "dataset/max_length": 200, "dataset/n_classes": 2, "_timestamp": 1742349914.0545418, "_runtime": 1370.3707597255707, "_step": 1524, "model/name": "hyenadna-tiny-1k-seqlen", "train/batch_loss": 0.10071621835231781, "train/epoch": 43, "train/batch": 90, "train/epoch_loss": 0.07694579660892487, "test/epoch_loss": 0.001525764586403966, "test/accuracy": 44.2760009765625, "best/accuracy": 44.865997314453125, "best/test_loss": 0.000983696198090911, "best/epoch": 9, "final/accuracy": 14.876032829284668, "final/test_loss": 0.004384745843708515, "final/epoch": 100}