{"dataset/train_size": 968, "dataset/test_size": 242, "dataset/max_length": 1000, "dataset/n_classes": 2, "_timestamp": 1742350172.4501746, "_runtime": 109.73207950592041, "_step": 205, "model/name": "metabolic-hyena", "train/batch_loss": 0.0006884397007524967, "train/epoch": 100, "train/batch": 0, "train/epoch_loss": 0.0006686558481305838, "test/epoch_loss": 0.022135518491268158, "test/accuracy": 13.429752349853516, "best/accuracy": 15.909090995788574, "best/test_loss": 0.009611006826162338, "best/epoch": 29, "final/accuracy": 15.909090995788574, "final/test_loss": 0.009611006826162338, "final/epoch": 100, "_wandb": {"runtime": 109}}