{"dataset/train_size": 968, "dataset/test_size": 242, "dataset/max_length": 1000, "dataset/n_classes": 2, "_timestamp": 1742328280.561135, "_runtime": 105.91282296180725, "_step": 204, "model/name": "hyenadna-tiny-1k-seqlen", "train/batch_loss": 0.00018546657520346344, "train/epoch": 100, "train/batch": 0, "train/epoch_loss": 0.00014833534078206867, "test/epoch_loss": 0.04732174798846245, "test/accuracy": 12.809917449951172, "best/accuracy": 14.669421195983887, "best/test_loss": 0.010431865230202675, "best/epoch": 3, "final/accuracy": 14.669421195983887, "final/test_loss": 0.010431865230202675, "final/epoch": 100, "_wandb": {"runtime": 105}}