{"dataset/train_size": 968, "dataset/test_size": 242, "dataset/max_length": 1000, "dataset/n_classes": 2, "_timestamp": 1742403642.9401355, "_runtime": 258.0232574939728, "_step": 277, "model/name": "hyenadna-metabolic-1k", "train/batch_loss": 0.03858132287859917, "train/epoch": 36, "train/batch": 0, "train/epoch_loss": 0.03548651188611984, "test/epoch_loss": 0.04521379619836807, "test/accuracy": 22.314048767089844, "best/accuracy": 32.23140335083008, "best/test_loss": 0.010784711688756943, "best/epoch": 2, "final/accuracy": 29.752065658569336, "final/test_loss": 0.00758672971278429, "final/epoch": 100}