{"dataset/train_size": 968, "dataset/test_size": 242, "dataset/max_length": 1000, "dataset/n_classes": 2, "_timestamp": 1742350550.0526628, "_runtime": 95.7718448638916, "_step": 204, "model/name": "hyenadna-metabolic-1k", "train/batch_loss": 0.000755382003262639, "train/epoch": 100, "train/batch": 0, "train/epoch_loss": 0.001866581616923213, "test/epoch_loss": 0.019736142829060555, "test/accuracy": 11.776859283447266, "best/accuracy": 17.148759841918945, "best/test_loss": 0.0039563486352562904, "best/epoch": 1, "final/accuracy": 17.148759841918945, "final/test_loss": 0.0039563486352562904, "final/epoch": 100, "_wandb": {"runtime": 95}}