{"best/epoch":7,"dataset/test_size":6948,"_step":14436,"best/test_loss":0.032871395349502563,"dataset/max_length":500,"best/accuracy":73.92054748535156,"_wandb":{"runtime":5207},"train/batch":650,"final/test_loss":0.032871395349502563,"model/name":"hyenadna-metabolic-1k","test/accuracy":70.3367919921875,"_timestamp":1.7424259636100197e+09,"dataset/n_classes":2,"dataset/train_size":20843,"_runtime":5207.224381456,"train/epoch_loss":0.14125335216522217,"test/epoch_loss":0.07517220079898834,"training/batch_size_per_gpu":16,"train/epoch":100,"final/epoch":100,"final/accuracy":73.92054748535156,"train/batch_loss":0.11830516904592514}