{"dataset/train_size": 75000, "dataset/test_size": 25000, "dataset/max_length": 200, "dataset/n_classes": 2, "_timestamp": 1742332535.402889, "_runtime": 2459.9190039634705, "_step": 6213, "model/name": "hyenadna-tiny-1k-seqlen", "train/batch_loss": 0.11130081117153168, "train/epoch": 100, "train/batch": 580, "train/epoch_loss": 0.06138036772608757, "test/epoch_loss": 0.0033462480641901493, "test/accuracy": 44.36000061035156, "best/accuracy": 44.81800079345703, "best/test_loss": 0.0020111259073019028, "best/epoch": 12, "final/accuracy": 44.81800079345703, "final/test_loss": 0.0020111259073019028, "final/epoch": 100, "_wandb": {"runtime": 2459}}